"Treatment","mean_FC","sd_FC"
"control",5.99092873618309,9.94076716965563
"ole_gR1",4825.67366955478,2832.09203012152
"ole_gR3",261.478228822653,73.8446785585089
