"Treatment","mean_FC","sd_FC"
"control",3.87122348910787,6.17808411843363
"ole_gR1",7660.27945950651,4495.66586788566
"ole_gR3",415.070815499862,117.221120426031
