"Experiment","Sample","Treatment","Incubation","ole","ubq","dCt","ddCt","FC"
"Exp070724_1","control_1","control","48h",38.6666666666667,21.7364179466667,16.93024872,2.52857039,0.173310336888103
"Exp070724_1","ole_gR1_1 ","ole_gR1","48h",24.3935462266667,21.6870430966667,2.70650313,-11.6951752,3315.87797271384
"Exp070724_1","ole_gR3_1 ","ole_gR3","48h",28.78005312,21.8402296166667,6.93982350333333,-7.46185482666666,176.295865010938
"Exp07082024_1","control_3","control","48h",31.9407050333333,21.6657666966667,10.2749383366667,-4.12673999333333,17.4691801021236
"Exp07082024_1","ole_gR1_3","ole_gR1","48h",24.8835351633333,22.0651157766667,2.81841938666667,-11.5832589433333,3068.37467408976
"Exp07082024_1","ole_gR3_3","ole_gR3","48h",28.48220258,22.31295115,6.16925143,-8.2324269,300.75124512143
"Exp07082024_2","control_2","control","48h",37,21.0001520666667,15.9998479333333,1.59816960333333,0.33029576953752
"Exp07082024_2","ole_gR1_2","ole_gR1","48h",22.8419303666667,21.4226696233333,1.41926074333333,-12.9824175866667,8092.76836186075
"Exp07082024_2","ole_gR3_2","ole_gR3","48h",27.2292091966667,21.0914459133333,6.13776328333334,-8.26391504666666,307.387576335591
